"No.Rawat";"No.RM";"Nama Pasien";"Tgl.Lahir";"J.K.";"NIP Pengkaji 1";"Nama Pengkaji 1";"NIP Pengkaji 2";"Nama Pengkaji 2";"Kode DPJP";"Nama DPJP";"Tgl.Asuhan";"Macam Kasus";"Anamnesis";"Tiba Di Ruang Rawat";"Cara Masuk";"Riwayat Penyakit Saat Ini";"Riwayat Penyakit Dahulu";"Riwayat Penyakit Keluarga";"Riwayat Penggunaan Obat";"Riwayat Pembedahan";"Riwayat Dirawat Di RS";"Alat Bantu Yang Dipakai";"Dalam Keadaan Hamil/Sedang Menyusui";"Riwayat Transfusi Darah";"Riwayat Alergi";"Merokok";"Batang/Hari";"Alkohol";"Gelas/Hari";"Obat Tidur";"Olah Raga";"Kesadaran Mental";"Keadaan Umum";"GCS(E,V,M)";"TD(mmHg)";"Nadi(x/menit)";"RR(x/menit)";"Suhu(°C)";"SpO2(%)";"BB(Kg)";"TB(cm)";"Kepala";"Wajah";"Leher";"Kejang";"Sensorik";"Pulsasi";"Sirkulasi";"Denyut Nadi";"Retraksi";"Pola Nafas";"Suara Nafas";"Batuk & Sekresi";"Volume";"Jenis Pernafasaan";"Irama";"Mulut";"Lidah";"Gigi";"Tenggorokan";"Abdomen";"Peistatik Usus";"Anus";"Sensorik";"Penglihatan";"Alat Bantu Penglihatan";"Motorik";"Pendengaran";"Bicara";"Otot";"Kulit";"Warna Kulit";"Turgor";"Resiko Decubitas";"Oedema";"Pergerakan Sendi";"Kekuatan Otot";"Fraktur";"Nyeri Sendi";"Frekuensi BAB";"x/";"Konsistensi BAB";"Warna BAB";"Frekuensi BAK";"x/";"Warna BAK";"Lain-lain BAK";"Mandi";"Makan/Minum";"Berpakaian";"Eliminasi";"Berpindah";"Porsi Makan";"Frekuensi Makan";"Jenis Makanan";"Lama Tidur";"Gangguan Tidur";"a. Aktifitas Sehari-hari";"b. Berjalan";"c. Aktifitas";"d. Alat Ambulasi";"e. Ekstremitas Atas";"f. Ekstremitas Bawah";"g. Kemampuan Menggenggam";"h. Kemampuan Koordinasi";"i. Kesimpulan Gangguan Fungsi";"a. Kondisi Psikologis";"b. Adakah Perilaku";"c. Gangguan Jiwa di Masa Lalu";"d. Hubungan Pasien";"e. Agama";"f. Tinggal Dengan";"g. Pekerjaan";"h. Pembayaran";"i. Nilai-nilai Kepercayaan";"j. Bahasa Sehari-hari";"k. Pendidikan Pasien";"l. Pendidikan P.J.";"m. Edukasi Diberikan Kepada";"Nyeri";"Penyebab Nyeri";"Kualitas Nyeri";"Lokasi Nyeri";"Nyeri Menyebar";"Skala Nyeri";"Waktu / Durasi";"Nyeri Hilang Bila";"Diberitahukan Pada Dokter";"Skala Morse 1";"N.M. 1";"Skala Morse 2";"N.M. 2";"Skala Morse 3";"N.M. 3";"Skala Morse 4";"N.M. 4";"Skala Morse 5";"N.M. 5";"Skala Morse 6";"N.M. 6";"T.M.";"Skala Sydney 1";"N.S. 1";"Skala Sydney 2";"N.S. 2";"Skala Sydney 3";"N.S. 3";"Skala Sydney 4";"N.S. 4";"Skala Sydney 5";"N.S. 5";"Skala Sydney 6";"N.S. 6";"Skala Sydney 7";"N.S. 7";"Skala Sydney 8";"N.S. 8";"Skala Sydney 9";"N.S. 9";"Skala Sydney 10";"N.S. 10";"Skala Sydney 11";"N.S. 11";"T.S.";"1. Apakah ada penurunan BB yang tidak diinginkan selama 6 bulan terakhir ?";"Skor 1";"2. Apakah asupan makan berkurang karena tidak nafsu makan ?";"Skor 2";"Total Skor";"Pasien dengan diagnosis khusus";"Keterangan Diagnosa Khusus";"Sudah dibaca dan diketahui oleh Dietisen";"Jam Dibaca Dietisen";"Rencana Keperawatan Lainnya"
"2025/04/08/000046";"071203";"SUTILAH";"1970-11-23";"P";"02.94.0178";"Sahrul Aini, S.Kep.Ners";"2930145";"Putri Dwi Ratu, Amd.Kep";"1940032";"dr. Rosyid Mawardi Sp.PD";"2025-04-08 05:09:55.0";"Non Trauma";"Autoanamnesis, ";"Jalan Tanpa Bantuan";"IGD";"ob jam 01.00 
pusing 1 minggu, lemes, nafsu makan menurun, sesak bila aktivitas
rpd: ht
rpo: -
";"HT ";"-";"-";"-";"-";"Kacamata";"Tidak, -";"-";"-";"Tidak";"";"Tidak";"";"Tidak";"Tidak";"cm";"Baik";"456";"140/80";"80";"20";"36";"98";"-";"-";"TAK, ";"TAK, ";"TAK";"TAK, ";"TAK";"Kuat";"Akral Hangat, ";"Teratur";"Tidak Ada";"Normal";"Vesikuler";"Tidak";"Normal";"Pernafasan Dada, ";"Teratur";"TAK, ";"TAK, ";"TAK, ";"TAK, ";"Supel, ";"TAK";"TAK";"TAK";"TAK, ";"Tidak";"TAK";"TAK";"Jelas, ";"Kuat";"Normal";"Normal";"Baik";"Tidak Ada";"Tidak Ada, ";"Bebas";"Baik";"Tidak Ada, ";"Tidak Ada, ";"";"";"";"";"";"";"";"";"Mandiri";"Mandiri";"Mandiri";"Mandiri";"Mandiri";"";"";"";"";"Tidak Ada Gangguan";"Mandiri";"TAK, ";"Tirah Baring";"Walker";"TAK, ";"TAK, ";"Tidak Ada Kesulitan, ";"Tidak Ada Kesulitan, ";"Tidak (Tidak Perlu Co DPJP)";"Tidak Ada Masalah";"Tidak Ada Masalah, ";"Tidak";"Harmonis";"ISLAM";"Sendiri, ";"PBI JAMINAN KESEHATAN";"BPJS";"Tidak Ada, ";"JAWA";"-";"-";"Pasien, ";"Tidak Ada Nyeri";"Proses Penyakit, ";"Seperti Tertusuk, ";"";"Tidak";"0";"";"Istirahat, ";"Tidak, ";"Tidak";"0";"Tidak";"0";"Tidak Ada/Kursi Roda/Perawat/Tirah Baring";"0";"Tidak";"0";"Normal/Tirah Baring/Imobilisasi";"0";"Sadar Akan Kemampuan Diri Sendiri";"0";"0";"Tidak";"0";"Tidak";"0";"Tidak";"0";"Tidak";"0";"Tidak";"0";"Tidak";"0";"Tidak";"0";"Tidak";"0";"Tidak";"0";"Tidak";"0";"Tidak";"0";"0";"Tidak ada penurunan berat badan";"0";"Tidak";"0";"0";"Tidak";"";"Tidak";"";"-	Identifikasi lokasi, karakteristik, frekuensi, kualitas, intensitas nyeri
-	Berikan teknik nonfarmakologi untuk mengurangi rasa nyeri
-	Jelaskan strategi meredakan nyeri
-	Kolaborasi dengan medis"
"2025/04/08/000051";"03.16.32";"SITI ROISAH";"1982-09-12";"P";"02.98.0207";"Ervin Yuni Wulandari, A.Md.Kep";"2910150";"Irma Faudzyah Ratih, S.Kep.Ners";"01.87.0057";"dr. Denada Aisyah Syalini, Sp. PD.";"2025-04-08 08:40:37.0";"Non Trauma";"Autoanamnesis, ";"Brankar";"IGD";"Diare 3hr hari ini 4 kali, panas 3 hari, batuk 3 hari, mual(+) muntah(-) nyeri tenggorokan, nyeri ulu hati,nyeri pinggang kanan dan kiri ";"RPD: HT, ambeyen +-5th di RSI";"Tidak ada ";"RPO: Molagit , PCT, Demacolin, Amoxilin";"-";"-";"Kacamata";"Tidak, ";"-";"-";"Tidak";"";"Tidak";"";"Tidak";"Tidak";"Composmentis ";"Baik";"456";"140/80";"100";"20";"38.6";"99";"";"";"TAK, ";"TAK, ";"TAK";"TAK, ";"TAK";"Kuat";"Akral Hangat, ";"Teratur";"Tidak Ada";"Normal";"Vesikuler";"Tidak";"Normal";"Pernafasan Dada, ";"Teratur";"TAK, ";"TAK, ";"TAK, ";"TAK, ";"Supel, ";"TAK";"TAK";"TAK";"TAK, ";"Tidak";"TAK";"TAK";"Jelas, ";"Kuat";"Normal";"Normal";"Baik";"Tidak Ada";"Tidak Ada, ";"Bebas";"Baik";"Tidak Ada, ";"Tidak Ada, ";"1";"";"";"";"4";"";"";"";"Mandiri";"Mandiri";"Mandiri";"Mandiri";"Mandiri";"1";"2";"";"8";"Tidak Ada Gangguan";"Mandiri";"TAK, ";"Berjalan";"Tidak Menggunakan";"TAK, ";"TAK, ";"Tidak Ada Kesulitan, ";"Tidak Ada Kesulitan, ";"Tidak (Tidak Perlu Co DPJP)";"Tidak Ada Masalah";"Tidak Ada Masalah, ";"Tidak";"Harmonis";"ISLAM";"Sendiri, ";"PEGAWAI SWASTA";"BPJS";"Tidak Ada, ";"JAWA";"SMP";"-";"Pasien, ";"Nyeri Akut";"Proses Penyakit, ";"Seperti Tertusuk, ";"";"Tidak";"3";"";"Istirahat, ";"Tidak, ";"Tidak";"0";"Tidak";"0";"Tidak Ada/Kursi Roda/Perawat/Tirah Baring";"0";"Ya";"20";"Lemah";"10";"Sadar Akan Kemampuan Diri Sendiri";"0";"30";"Tidak";"0";"Tidak";"0";"Tidak";"0";"Tidak";"0";"Tidak";"0";"Tidak";"0";"Tidak";"0";"Tidak";"0";"Tidak";"0";"Tidak";"0";"Tidak";"0";"0";"Tidak ada penurunan berat badan";"0";"Tidak";"0";"0";"Tidak";"";"Tidak";"";"Obs TTV 
Anjurkan relaksasi 
Anjurkan kompres bila panas dan nyeri 
Anjurkan batuk efektif 
Anjurkan makan sedikit tapi sering 
Berikan iv line cairan 
Berikan minum hangat 
Kolab dengan medis "
"2025/04/08/000077";"132207";"AHMAD WISAKSONO SETYANTO";"1995-10-15";"L";"02990211";"Siti Alfiyatu Rosidah, A.Md.Kep";"02.98.0207";"Ervin Yuni Wulandari, A.Md.Kep";"1940032";"dr. Rosyid Mawardi Sp.PD";"2025-04-08 08:56:43.0";"Non Trauma";"Autoanamnesis, ";"Kursi Roda";"IGD";"Nyeri perut tengah bawah sejak tadi pagi
bak/bab normal
";"-";"-";" Ibu profen";"-";"-";"Lain-lain";"Tidak, ";"-";"-";"Tidak";"";"Tidak";"";"Tidak";"Tidak";"cm";"Baik";"456";"130/90";"82";"20";"36.1";"98";"-";"";"TAK, ";"TAK, ";"TAK";"TAK, ";"TAK";"Kuat";"Akral Hangat, ";"Teratur";"Tidak Ada";"Normal";"Vesikuler";"Tidak";"Normal";"Pernafasan Dada, ";"Teratur";"TAK, ";"TAK, ";"TAK, ";"TAK, ";"Supel, ";"TAK";"TAK";"TAK";"TAK, ";"Tidak";"TAK";"TAK";"Jelas, ";"Kuat";"Normal";"Normal";"Baik";"Tidak Ada";"Tidak Ada, ";"Bebas";"Baik";"Tidak Ada, ";"Tidak Ada, ";"1";"hari";"lunak";"kuning";"8";"hari";"kuning";"";"Mandiri";"Mandiri";"Mandiri";"Mandiri";"Mandiri";"1";"3";"nasi dan lauk pauk";"8";"Tidak Ada Gangguan";"Mandiri";"TAK, ";"Tirah Baring";"Walker";"TAK, ";"TAK, ";"Tidak Ada Kesulitan, ";"Tidak Ada Kesulitan, ";"Tidak (Tidak Perlu Co DPJP)";"Tidak Ada Masalah";"Tidak Ada Masalah, ";"Tidak";"Harmonis";"ISLAM";"Sendiri, ";"PEKERJA MANDIRI";"UMUM";"Tidak Ada, ";"INDONESIA";"-";"-";"Pasien, ";"Nyeri Akut";"Proses Penyakit, ";"Berdenyut, ";"perut";"Tidak";"2";"1";"Istirahat, ";"Ya, ";"Tidak";"0";"Ya";"15";"Tidak Ada/Kursi Roda/Perawat/Tirah Baring";"0";"Ya";"20";"Normal/Tirah Baring/Imobilisasi";"0";"Sadar Akan Kemampuan Diri Sendiri";"0";"35";"Tidak";"0";"Tidak";"0";"Tidak";"0";"Tidak";"0";"Tidak";"0";"Tidak";"0";"Tidak";"0";"Tidak";"0";"Tidak";"0";"Tidak";"0";"Tidak";"0";"0";"Tidak ada penurunan berat badan";"0";"Tidak";"0";"0";"Tidak";"";"Tidak";"";""
"2025/04/08/000076";"106337";"MAYRIN VENNINTIA ROSE CANTIKA, NN";"2004-05-25";"P";"2800026";"Santi Ulan Cahyani, Amd.Kep";"2850075";"Nur Hartatik, Amd.Kep";"1940032";"dr. Rosyid Mawardi Sp.PD";"2025-04-08 08:57:33.0";"Non Trauma";"Autoanamnesis, ";"Jalan Tanpa Bantuan";"IGD";"Demam 4 hr, lemes, kepala cekot2, pingsan 1x di kantor, badan linu semua, sering gusi berdarah bila gosok gigi, tengkuk terasa berat";"-";"-";"decolgen";"-";"-";"Kacamata";"Tidak, -";"-";"-";"Tidak";"";"Tidak";"";"Tidak";"Tidak";"composmentis";"Sedang";"456";"120/80";"100";"20";"38";"99";"--";"-";"TAK, ";"TAK, ";"TAK";"TAK, ";"TAK";"Kuat";"Akral Hangat, ";"Teratur";"Tidak Ada";"Normal";"Vesikuler";"Tidak";"Normal";"Pernafasan Dada, ";"Teratur";"TAK, ";"TAK, ";"TAK, ";"TAK, ";"Supel, ";"TAK";"TAK";"TAK";"TAK, ";"Tidak";"TAK";"TAK";"Jelas, ";"Kuat";"Normal";"Normal";"Baik";"Tidak Ada";"Tidak Ada, ";"Bebas";"Baik";"Tidak Ada, ";"Tidak Ada, ";"";"";"";"";"";"";"";"";"Mandiri";"Mandiri";"Mandiri";"Mandiri";"Mandiri";"";"";"";"";"Tidak Ada Gangguan";"Mandiri";"TAK, ";"Tirah Baring";"Walker";"TAK, ";"TAK, ";"Tidak Ada Kesulitan, ";"Tidak Ada Kesulitan, ";"Tidak (Tidak Perlu Co DPJP)";"Tidak Ada Masalah";"Tidak Ada Masalah, ";"Tidak";"Harmonis";"ISLAM";"Sendiri, ";"PELAJAR";"BPJS";"Tidak Ada, ";"INDONESIA";"SMA";"-";"Pasien, ";"Nyeri Akut";"Proses Penyakit, ";"Seperti Tertusuk, ";"kepala";"Tidak";"2";"";"Istirahat, ";"Tidak, ";"Tidak";"0";"Tidak";"0";"Tidak Ada/Kursi Roda/Perawat/Tirah Baring";"0";"Ya";"20";"Normal/Tirah Baring/Imobilisasi";"0";"Sadar Akan Kemampuan Diri Sendiri";"0";"20";"Tidak";"0";"Tidak";"0";"Tidak";"0";"Tidak";"0";"Tidak";"0";"Tidak";"0";"Tidak";"0";"Tidak";"0";"Tidak";"0";"Tidak";"0";"Tidak";"0";"0";"Tidak ada penurunan berat badan";"0";"Tidak";"0";"0";"Tidak";"";"Tidak";"";"kompres hangat
identifikasi penyebab demam
obs v/s
kolab dg tim medis"
"2025/04/08/000093";"132208";"SRI WAHYUNI";"1987-03-17";"P";"02.98.0207";"Ervin Yuni Wulandari, A.Md.Kep";"2910150";"Irma Faudzyah Ratih, S.Kep.Ners";"01.84.0058";"dr. Rosihan Effendi, Sp.OT";"2025-04-08 09:39:39.0";"Non Trauma";"Autoanamnesis, ";"Kursi Roda";"IGD";"Nyeri punggung tengah bawah sejak 1 minggu, memberat sejak tadi pagi, nyeri dirasakan di satu titik saja tidak menjalar, terasa cekot-cekot, nyeri serupa sudah dirasakan sejak 3 th lalu (setelah melahirkan anak ke 3, SC)";"Riw jatuh dari tangga posisi duduk 2x sekitar 11 th lalu";"Tidak ada ";"minum obat anti nyeri dan anti radang ";"-";"-";"Kacamata";"Tidak, ";"-";"-";"Tidak";"";"Tidak";"";"Tidak";"Tidak";"Composmentis ";"Baik";"456";"120/80";"89";"20";"36";"99";"";"";"TAK, ";"TAK, ";"TAK";"TAK, ";"TAK";"Kuat";"Akral Hangat, ";"Teratur";"Tidak Ada";"Normal";"Vesikuler";"Tidak";"Normal";"Pernafasan Dada, ";"Teratur";"TAK, ";"TAK, ";"TAK, ";"TAK, ";"Supel, ";"TAK";"TAK";"TAK";"TAK, ";"Tidak";"TAK";"TAK";"Jelas, ";"Kuat";"Normal";"Normal";"Baik";"Tidak Ada";"Tidak Ada, ";"Bebas";"Baik";"Tidak Ada, ";"Tidak Ada, ";"";"";"";"";"";"";"";"";"Mandiri";"Mandiri";"Mandiri";"Mandiri";"Mandiri";"";"";"";"";"Tidak Ada Gangguan";"Mandiri";"TAK, ";"Berjalan";"Tidak Menggunakan";"TAK, ";"TAK, ";"Tidak Ada Kesulitan, ";"Tidak Ada Kesulitan, ";"Tidak (Tidak Perlu Co DPJP)";"Tidak Ada Masalah";"Tidak Ada Masalah, ";"Tidak";"Harmonis";"ISLAM";"Keluarga, ";"PEGAWAI SWASTA";"BPJS";"Tidak Ada, ";"INDONESIA";"-";"-";"Pasien, ";"Nyeri Akut";"Proses Penyakit, ";"Seperti Tertusuk, ";"nyeri punggung";"Tidak";"7";"";"Istirahat, ";"Tidak, ";"Tidak";"0";"Tidak";"0";"Tidak Ada/Kursi Roda/Perawat/Tirah Baring";"0";"Ya";"20";"Lemah";"10";"Sadar Akan Kemampuan Diri Sendiri";"0";"30";"Tidak";"0";"Tidak";"0";"Tidak";"0";"Tidak";"0";"Tidak";"0";"Tidak";"0";"Tidak";"0";"Tidak";"0";"Tidak";"0";"Tidak";"0";"Tidak";"0";"0";"Tidak ada penurunan berat badan";"0";"Tidak";"0";"0";"Tidak";"";"Tidak";"";"Obs TTV 
Anjurkan relaksasi 
Anjurkan kompres pada bagian yang nyeri 
Anjurkan posisi nyaman 
Kolab dengan medis "
"2025/04/08/000095";"132209";"MUHAMMAD AZIL KURNIAWAN";"2003-07-02";"L";"2900123";"Irma Rizqia Khoironi, Amd.Kep";"02.97.0203";"Novita Tri Handayani, A.Md.Kep";"01.87.0057";"dr. Denada Aisyah Syalini, Sp. PD.";"2025-04-08 10:13:49.0";"Non Trauma";"Autoanamnesis, ";"Kursi Roda";"IGD";"Demam 3 hr, batuk, mual, pusing, bak/bab dbn
RPD : -
RPO : Obat dari Bidan
";"";"";"";"";"";"Lain-lain";"Tidak, ";"";"";"Tidak";"";"Tidak";"";"Tidak";"Tidak";"cm";"Sedang";"456";"160/80";"80";"20";"38,6";"98";"";"";"TAK, ";"TAK, ";"TAK";"TAK, ";"TAK";"Kuat";"Akral Hangat, ";"Teratur";"Tidak Ada";"Normal";"Vesikuler";"Tidak";"Normal";"Pernafasan Dada, ";"Teratur";"TAK, ";"TAK, ";"TAK, ";"TAK, ";"Supel, ";"TAK";"TAK";"TAK";"TAK, ";"Tidak";"TAK";"TAK";"Jelas, ";"Kuat";"Normal";"Normal";"Baik";"Tidak Ada";"Tidak Ada, ";"Bebas";"Baik";"Tidak Ada, ";"Tidak Ada, ";"";"";"";"";"";"";"";"";"Mandiri";"Mandiri";"Mandiri";"Mandiri";"Mandiri";"";"";"";"";"Tidak Ada Gangguan";"Mandiri";"TAK, ";"Tirah Baring";"Walker";"TAK, ";"TAK, ";"Tidak Ada Kesulitan, ";"Tidak Ada Kesulitan, ";"Tidak (Tidak Perlu Co DPJP)";"Tidak Ada Masalah";"Tidak Ada Masalah, ";"Tidak";"Harmonis";"ISLAM";"Sendiri, ";"-";"BPJS";"Tidak Ada, ";"INDONESIA";"-";"-";"Pasien, ";"Tidak Ada Nyeri";"Proses Penyakit, ";"Lain-lain, ";"";"Tidak";"0";"";"Istirahat, ";"Tidak, ";"Tidak";"0";"Tidak";"0";"Tidak Ada/Kursi Roda/Perawat/Tirah Baring";"0";"Ya";"20";"Normal/Tirah Baring/Imobilisasi";"0";"Sadar Akan Kemampuan Diri Sendiri";"0";"20";"Tidak";"0";"Tidak";"0";"Tidak";"0";"Tidak";"0";"Tidak";"0";"Tidak";"0";"Tidak";"0";"Tidak";"0";"Tidak";"0";"Tidak";"0";"Tidak";"0";"0";"Tidak ada penurunan berat badan";"0";"Tidak";"0";"0";"Tidak";"";"Tidak";"";""
"2025/04/08/000126";"132218";"MOCHAMAD YASIN";"1974-08-07";"L";"2880074";"Tri Winarti, Amd.Kep";"02.98.0210";"Devi Aulia Putri, A.Md.Kep";"01.72.0051";"dr. Ahmad Basyirrudin, Sp.PD";"2025-04-08 16:16:09.0";"Non Trauma";"Autoanamnesis, ";"Jalan Tanpa Bantuan";"IGD";"Demam 11 hari, batuk berdahak, dahak warna putih, sesak dirasakan saat batuk, badan lemas, nafsu makan menurun, tidak mual/muntah, tidak diare, tidak ada perdarahan.
rpd : DM
rpo : obat dari mantri
";"tdk ada";"tdk ada";"tdk ada";"tdk ada";"tdk ada";"Kacamata";"Tidak, ";"tdk ada";"tdk ada";"Tidak";"";"Tidak";"";"Tidak";"Tidak";"cm";"Baik";"456";"130/90";"99";"22";"37,6";"98";"";"";"TAK, ";"TAK, ";"TAK";"TAK, ";"TAK";"Kuat";"Akral Hangat, ";"Teratur";"Tidak Ada";"Normal";"Vesikuler";"Tidak";"Normal";"Pernafasan Dada, ";"Teratur";"TAK, ";"TAK, ";"TAK, ";"TAK, ";"Supel, ";"TAK";"TAK";"TAK";"TAK, ";"Tidak";"TAK";"TAK";"Jelas, ";"Kuat";"Normal";"Normal";"Baik";"Tidak Ada";"Tidak Ada, ";"Bebas";"Baik";"Tidak Ada, ";"Tidak Ada, ";"";"";"";"";"";"";"";"";"Mandiri";"Mandiri";"Mandiri";"Mandiri";"Mandiri";"";"";"";"";"Tidak Ada Gangguan";"Mandiri";"TAK, ";"Tirah Baring";"Walker";"TAK, ";"TAK, ";"Tidak Ada Kesulitan, ";"Tidak Ada Kesulitan, ";"Tidak (Tidak Perlu Co DPJP)";"Tidak Ada Masalah";"Tidak Ada Masalah, ";"Tidak";"Harmonis";"ISLAM";"Sendiri, ";"PEGAWAI SWASTA";"BPJS";"Tidak Ada, ";"INDONESIA";"SMP";"-";"Pasien, ";"Tidak Ada Nyeri";"Proses Penyakit, ";"Seperti Tertusuk, ";"";"Tidak";"0";"";"Istirahat, ";"Tidak, ";"Tidak";"0";"Tidak";"0";"Tidak Ada/Kursi Roda/Perawat/Tirah Baring";"0";"Ya";"20";"Normal/Tirah Baring/Imobilisasi";"0";"Sadar Akan Kemampuan Diri Sendiri";"0";"20";"Tidak";"0";"Tidak";"0";"Tidak";"0";"Tidak";"0";"Tidak";"0";"Tidak";"0";"Tidak";"0";"Tidak";"0";"Tidak";"0";"Tidak";"0";"Tidak";"0";"0";"Tidak ada penurunan berat badan";"0";"Tidak";"0";"0";"Tidak";"";"Tidak";"";"Inf NS 500 cc/1 jam berjalan, lanjut 1000 cc/hari 
Inj Solvinex 2x1 IV 
Inj Antrain 3x1 IV
inj.  RCI 3x6 IU : I (+) 16.00, II (-) 17.00, III (-) 18.00, GDA ulang (-)
O2 nasal 2 lpm"
"2025/04/08/000130";"132219";"NIK AL RAHMAN";"1946-06-09";"P";"2880074";"Tri Winarti, Amd.Kep";"02920206";"Ainul Luthfiatus Zahroh, S.Kep.Ners";"1940032";"dr. Rosyid Mawardi Sp.PD";"2025-04-08 19:13:42.0";"Non Trauma";"Autoanamnesis, -";"Jalan Tanpa Bantuan";"IGD";"Sesak ngongsrong sejak 5 hari SMRS. Dada berdebar 5 hari. Batuk kering, tidak berdahak, tidak demam. Badan lemas 1 minggu. Riw BAB hitam 5 hari lalu sedikit-sedikit, saat ini sudah tidak BAB hitam. Flatus bisa. BAB terakhir 2 hari lalu.  ";"-";"-";"-";"-";"-";"Kacamata";"Tidak, -";"-";"-";"Tidak";"-";"Tidak";"-";"Tidak";"Tidak";"composmentis ";"Baik";"456";"110/60";"65";"22";"36";"97";"-";"-";"TAK, -";"TAK, -";"TAK";"TAK, -";"TAK";"Kuat";"Akral Hangat, -";"Teratur";"Tidak Ada";"Normal";"Vesikuler";"Tidak";"Normal";"Pernafasan Dada, -";"Teratur";"TAK, -";"TAK, -";"TAK, -";"TAK, -";"Supel, -";"TAK";"TAK";"TAK";"TAK, -";"Tidak";"TAK";"TAK";"Jelas, -";"Kuat";"Normal";"Normal";"Baik";"Tidak Ada";"Tidak Ada, -";"Bebas";"Baik";"Tidak Ada, -";"Tidak Ada, -";"1";"hari ";"lembek ";"-";"2-4";"hari ";"kuning ";"-";"Mandiri";"Mandiri";"Mandiri";"Mandiri";"Mandiri";"3";"3";"nasi, lauk , sayur ";"2-5";"Tidak Ada Gangguan";"Mandiri";"TAK, -";"Tirah Baring";"Walker";"TAK, -";"TAK, -";"Tidak Ada Kesulitan, -";"Tidak Ada Kesulitan, -";"Tidak (Tidak Perlu Co DPJP)";"Tidak Ada Masalah";"Tidak Ada Masalah, -";"Tidak";"Harmonis";"ISLAM";"Sendiri, -";"IRT";"BPJS";"Tidak Ada, -";"INDONESIA";"-";"-";"Pasien, -";"Tidak Ada Nyeri";"Proses Penyakit, -";"Seperti Tertusuk, -";"-";"Tidak";"0";"-";"Istirahat, -";"Tidak, -";"Tidak";"0";"Tidak";"0";"Tidak Ada/Kursi Roda/Perawat/Tirah Baring";"0";"Ya";"20";"Normal/Tirah Baring/Imobilisasi";"0";"Sadar Akan Kemampuan Diri Sendiri";"0";"20";"Tidak";"0";"Tidak";"0";"Tidak";"0";"Tidak";"0";"Tidak";"0";"Tidak";"0";"Tidak";"0";"Tidak";"0";"Tidak";"0";"Tidak";"0";"Tidak";"0";"0";"Tidak ada penurunan berat badan";"0";"Tidak";"0";"0";"Tidak";"-";"Tidak";"-";"berikan oksigen sesuai keutuhan 
observasi ttv "
"2025/04/08/000134";"083408";"JUMAIYAH";"1951-02-25";"P";"2940129";"Nur Afifah, Amd.Kep";"02980217";"Awalani Riska, A.Md.Kep";"01.84.0058";"dr. Rosihan Effendi, Sp.OT";"2025-04-08 19:23:54.0";"Trauma";"Autoanamnesis, ";"Brankar";"IGD";"Nyeri pada lengan kiri dan tungkai kiri post jatuh terpeleset di rumah, ada memar di bawah mata kiri, dada tengah dan sisi kiri, bahu kiri, lengan atas kiri, serta bengkak dan memar di tungkai kiri, post jatuh pasien sadar, tadi post jatuh mengeluh pusing sekarang sudah tidak, tidak ada amnesia.";"jantung bengkak, Riw operasi kandungan (diangkat rahimnya) lupa th berapa dan atas indikasi apa";"-";"-";"";"";"Kacamata";"Tidak, ";"";"";"Tidak";"";"Tidak";"";"Tidak";"Tidak";"cm";"Baik";"456";"100/60";"90";"22";"36";"98";"";"";"TAK, ";"TAK, ";"TAK";"TAK, ";"TAK";"Kuat";"Akral Hangat, ";"Teratur";"Tidak Ada";"Normal";"Vesikuler";"Tidak";"Normal";"Pernafasan Dada, ";"Teratur";"TAK, ";"TAK, ";"TAK, ";"TAK, ";"Supel, ";"TAK";"TAK";"TAK";"TAK, ";"Tidak";"TAK";"TAK";"Jelas, ";"Kuat";"Normal";"Normal";"Baik";"Tidak Ada";"Tidak Ada, ";"Terbatas";"Baik";"Ada, CF Femur Sinistra + CF proximal humerus (S) ";"Tidak Ada, ";"1";"hari";"lembek";"kuning ";"4";"hari ";"kuning ";"-";"Mandiri";"Mandiri";"Mandiri";"Mandiri";"Mandiri";"1";"3";"nasi ";"8";"Tidak Ada Gangguan";"Bantuan Minimal";"TAK, ";"Tirah Baring";"Walker";"TAK, ";"Lain-lain, fraktur ";"Tidak Ada Kesulitan, ";"Tidak Ada Kesulitan, ";"Tidak (Tidak Perlu Co DPJP)";"Tidak Ada Masalah";"Tidak Ada Masalah, ";"Tidak";"Harmonis";"ISLAM";"Keluarga, ";"PENSIUNAN";"BPJS";"Tidak Ada, ";"JAWA";"-";"-";"Keluarga, ";"Nyeri Akut";"Proses Penyakit, ";"Seperti Tertusuk, ";"femur, humerus ";"Tidak";"4";"";"Istirahat, ";"Tidak, ";"Ya";"25";"Tidak";"0";"Tidak Ada/Kursi Roda/Perawat/Tirah Baring";"0";"Ya";"20";"Terganggu";"20";"Sadar Akan Kemampuan Diri Sendiri";"0";"65";"Ya";"4";"Tidak";"0";"Tidak";"0";"Tidak";"0";"Tidak";"0";"Tidak";"0";"Tidak";"0";"Ya";"2";"Tidak";"0";"Tidak";"0";"Ya";"1";"7";"Tidak ada penurunan berat badan";"0";"Tidak";"0";"0";"Tidak";"";"Tidak";"";"bhsp 
ajarkan teknik relaksasi dan distraksi 
beri posisi nyaman 
kolaborasi dengan medis"
"2025/04/08/000135";"132223";"KAMIANA";"1959-03-07";"P";"2880037";"Sofia Fitriana";"2930140";"Sri Wahyuni, Amd.Kep";"01.72.0051";"dr. Ahmad Basyirrudin, Sp.PD";"2025-04-08 20:41:39.0";"Non Trauma";"Autoanamnesis, ";"Kursi Roda";"IGD";"Demam sejak kemarin, muntah 3x hari ini, mual, BAB cair >10x hari ini, tidak ada ampas/lendir/darah, pusing berputar, badan lemas, tidak ada perdarahan, tidak sesak, tidak batuk/pilek";"HT + DM";"tidak ada";"tidak ada ";"tidak ";"tidak ";"Lain-lain";"Tidak, ";"tidak ";"tidak ada ";"Tidak";"";"Tidak";"";"Tidak";"Tidak";"cm";"Baik";"456";"110/80";"100";"20";"38,8";"97";"-";"-";"TAK, ";"TAK, ";"TAK";"TAK, ";"TAK";"Kuat";"Akral Hangat, ";"Teratur";"Tidak Ada";"Normal";"Vesikuler";"Tidak";"Normal";"Pernafasan Dada, ";"Teratur";"TAK, ";"TAK, ";"TAK, ";"TAK, ";"Supel, ";"TAK";"TAK";"TAK";"TAK, ";"Tidak";"TAK";"TAK";"Jelas, ";"Kuat";"Normal";"Normal";"Baik";"Tidak Ada";"Tidak Ada, ";"Bebas";"Baik";"Tidak Ada, ";"Tidak Ada, ";"10";"hr";"cair";"kuning ";"7";"hr";"kuning ";"-";"Mandiri";"Mandiri";"Mandiri";"Mandiri";"Mandiri";"1";"3";"nasi ";"8";"Tidak Ada Gangguan";"Mandiri";"TAK, ";"Tirah Baring";"Walker";"TAK, ";"TAK, ";"Tidak Ada Kesulitan, ";"Tidak Ada Kesulitan, ";"Tidak (Tidak Perlu Co DPJP)";"Tidak Ada Masalah";"Tidak Ada Masalah, ";"Tidak";"Harmonis";"ISLAM";"Sendiri, ";"BURUH TANI";"BPJS";"Tidak Ada, ";"INDONESIA";"SD";"-";"Pasien, ";"Nyeri Akut";"Proses Penyakit, ";"Seperti Tertusuk, ";"kepala";"Tidak";"3";"";"Istirahat, ";"Tidak, ";"Tidak";"0";"Tidak";"0";"Tidak Ada/Kursi Roda/Perawat/Tirah Baring";"0";"Tidak";"0";"Normal/Tirah Baring/Imobilisasi";"0";"Sadar Akan Kemampuan Diri Sendiri";"0";"0";"Tidak";"0";"Tidak";"0";"Tidak";"0";"Tidak";"0";"Tidak";"0";"Tidak";"0";"Tidak";"0";"Tidak";"0";"Tidak";"0";"Tidak";"0";"Tidak";"0";"0";"Tidak ada penurunan berat badan";"0";"Tidak";"0";"0";"Tidak";"";"Tidak";"";"obs ttv
kaji nyeri
anjurkan kompres
anjurkan banyak minum
anjurkan makan rendah serat
kolaborasi medis "
"2025/04/08/000117";"132215";"BY. NY. FANNY AYU CIK RONA";"2025-04-08";"P";"2940164";"Retno Makhtufir Khamdalah, Amd. Kep";"02980222";"Indah Nurwati, A.Md.Kep";"D0000075";"dr. Asih Retno Wulandhari, Sp.A";"2025-04-08 21:16:02.0";"Non Trauma";"Alloanamnesis, -";"Brankar";"Lain-lain";"bayi lahir spontan";"-";"-";"-";"-";"-";"Lain-lain";"Tidak, -";"-";"-";"Tidak";"-";"Tidak";"-";"Tidak";"Tidak";"cm";"Baik";"ds=0";"-";"155";"50";"36";"96";"3000";"50";"TAK, -";"TAK, -";"TAK";"TAK, -";"TAK";"Kuat";"Akral Hangat, -";"Teratur";"Tidak Ada";"Normal";"Vesikuler";"Tidak";"Normal";"Pernafasan Dada, -";"Teratur";"TAK, -";"TAK, -";"TAK, -";"TAK, -";"Supel, -";"TAK";"TAK";"TAK";"TAK, -";"Tidak";"TAK";"TAK";"Jelas, -";"Kuat";"Normal";"Normal";"Baik";"Tidak Ada";"Tidak Ada, -";"Bebas";"Baik";"Tidak Ada, -";"Tidak Ada, -";"-";"-";"-";"-";"-";"-";"-";"-";"Bantuan Orang Lain";"Bantuan Orang Lain";"Bantuan Orang Lain";"Bantuan Orang Lain";"Bantuan Orang Lain";"-";"-";"asi";"-";"Tidak Ada Gangguan";"Ketergantungan Total";"TAK, -";"Tirah Baring";"Walker";"TAK, -";"TAK, -";"Tidak Ada Kesulitan, -";"Tidak Ada Kesulitan, -";"Tidak (Tidak Perlu Co DPJP)";"Tidak Ada Masalah";"Tidak Ada Masalah, -";"Tidak";"Harmonis";"ISLAM";"Sendiri, -";"BLM BEKERJA";"BPJS";"Tidak Ada, -";"INDONESIA";"-";"-";"Pasien, -";"Tidak Ada Nyeri";"Lain-lain, -";"Lain-lain, -";"-";"Tidak";"0";"-";"Istirahat, -";"Tidak, -";"Tidak";"0";"Tidak";"0";"Tidak Ada/Kursi Roda/Perawat/Tirah Baring";"0";"Tidak";"0";"Normal/Tirah Baring/Imobilisasi";"0";"Sadar Akan Kemampuan Diri Sendiri";"0";"0";"Tidak";"0";"Tidak";"0";"Tidak";"0";"Tidak";"0";"Tidak";"0";"Tidak";"0";"Tidak";"0";"Tidak";"0";"Tidak";"0";"Tidak";"0";"Tidak";"0";"0";"Tidak ada penurunan berat badan";"0";"Tidak";"0";"0";"Tidak";"-";"Tidak";"-";""
"2025/04/08/000139";"132224";"MUTAMINAH";"2003-09-04";"P";"02.94.0178";"Sahrul Aini, S.Kep.Ners";"2900151";"Arryda Nurmeila Mafikasari, S.Kep.Ners";"1940032";"dr. Rosyid Mawardi Sp.PD";"2025-04-08 21:28:00.0";"Non Trauma";"Autoanamnesis, ";"Jalan Tanpa Bantuan";"IGD";"OB jam 21.00
panas 9 hari, mual, muntah batuk 5 hari
rpd: -
rpo: obat dari dokter iman";"-";"-";"-";"-";"-";"Kacamata";"Tidak, --";"-";"-";"Tidak";"";"Tidak";"";"Tidak";"Tidak";"cm";"Baik";"456";"90/70";"81";"20";"36";"98";"-";"-";"TAK, ";"TAK, ";"TAK";"TAK, ";"TAK";"Kuat";"Akral Hangat, ";"Teratur";"Tidak Ada";"Normal";"Vesikuler";"Tidak";"Normal";"Pernafasan Dada, ";"Teratur";"TAK, ";"TAK, ";"TAK, ";"TAK, ";"Supel, ";"TAK";"TAK";"TAK";"TAK, ";"Tidak";"TAK";"TAK";"Jelas, ";"Kuat";"Normal";"Normal";"Baik";"Tidak Ada";"Tidak Ada, ";"Bebas";"Baik";"Tidak Ada, ";"Tidak Ada, ";"";"";"";"";"";"";"";"";"Mandiri";"Mandiri";"Mandiri";"Mandiri";"Mandiri";"";"";"";"";"Tidak Ada Gangguan";"Mandiri";"TAK, ";"Tirah Baring";"Walker";"TAK, ";"TAK, ";"Tidak Ada Kesulitan, ";"Tidak Ada Kesulitan, ";"Tidak (Tidak Perlu Co DPJP)";"Tidak Ada Masalah";"Tidak Ada Masalah, ";"Tidak";"Harmonis";"ISLAM";"Sendiri, ";"PEKERJA MANDIRI";"BPJS";"Tidak Ada, ";"-";"-";"-";"Pasien, ";"Tidak Ada Nyeri";"Proses Penyakit, ";"Seperti Tertusuk, ";"";"Tidak";"0";"";"Istirahat, ";"Tidak, ";"Tidak";"0";"Tidak";"0";"Tidak Ada/Kursi Roda/Perawat/Tirah Baring";"0";"Tidak";"0";"Normal/Tirah Baring/Imobilisasi";"0";"Sadar Akan Kemampuan Diri Sendiri";"0";"0";"Tidak";"0";"Tidak";"0";"Tidak";"0";"Tidak";"0";"Tidak";"0";"Tidak";"0";"Tidak";"0";"Tidak";"0";"Tidak";"0";"Tidak";"0";"Tidak";"0";"0";"Tidak ada penurunan berat badan";"0";"Tidak";"0";"0";"Tidak";"";"Tidak";"";"-	Identifikasi Kemampuan Batuk
-	Monitor Adanya Retensi Sputum
-	Atur Posisi semi-Fowler Atau Fowler
-	Kolaborasi medis
"
"2025/04/08/000136";"131938";"M. SATRIA WIBAWA";"2009-04-01";"L";"2930140";"Sri Wahyuni, Amd.Kep";"02990221";"Rizky Bagas Putra, A.Md.Kep";"D0000075";"dr. Asih Retno Wulandhari, Sp.A";"2025-04-08 21:40:45.0";"Non Trauma";"Autoanamnesis, ";"Jalan Tanpa Bantuan";"IGD";"mual muntah tiap makan minum, pusing, badan terasa sakit semua sejak kemarin.";"sakiit yang sama";"tidak ada";"tidak ada";"tidak ada";"rsi";"Lain-lain";"Tidak, tidak ada";"tidak ada";"tidak ada";"Tidak";"-";"Tidak";"-";"Tidak";"Tidak";"cm";"Baik";"456";"100/70";"80";"20";"37";"98";"68,5";"-";"TAK, -";"TAK, -";"TAK";"TAK, -";"TAK";"Kuat";"Akral Hangat, -";"Teratur";"Tidak Ada";"Normal";"Vesikuler";"Tidak";"Normal";"Pernafasan Dada, -";"Teratur";"TAK, -";"TAK, -";"TAK, -";"TAK, -";"Supel, -";"TAK";"TAK";"TAK";"TAK, -";"Tidak";"TAK";"TAK";"Jelas, -";"Kuat";"Normal";"Normal";"Baik";"Tidak Ada";"Tidak Ada, -";"Bebas";"Baik";"Tidak Ada, -";"Tidak Ada, -";"1";"hari";"lembek";"kuning";"4-5";"hari";"jernih";"-";"Mandiri";"Mandiri";"Mandiri";"Mandiri";"Mandiri";"1";"2-3";"nasi,lauk,sayur";"9";"Tidak Ada Gangguan";"Mandiri";"TAK, -";"Tirah Baring";"Walker";"TAK, -";"TAK, -";"Tidak Ada Kesulitan, --";"Tidak Ada Kesulitan, -";"Tidak (Tidak Perlu Co DPJP)";"Tidak Ada Masalah";"Tidak Ada Masalah, ";"Tidak";"Harmonis";"ISLAM";"Orang Tua, -";"PELAJAR";"UMUM";"Tidak Ada, -";"INDONESIA";"SMA";"-";"Pasien, -";"Nyeri Akut";"Proses Penyakit, ";"Seperti Tertusuk, ";"kepala";"Tidak";"3";"";"Istirahat, ";"Tidak, ";"Tidak";"0";"Tidak";"0";"Tidak Ada/Kursi Roda/Perawat/Tirah Baring";"0";"Ya";"20";"Normal/Tirah Baring/Imobilisasi";"0";"Sadar Akan Kemampuan Diri Sendiri";"0";"20";"Tidak";"0";"Tidak";"0";"Tidak";"0";"Tidak";"0";"Tidak";"0";"Tidak";"0";"Tidak";"0";"Tidak";"0";"Tidak";"0";"Tidak";"0";"Tidak";"0";"0";"Tidak ada penurunan berat badan";"0";"Tidak";"0";"0";"Tidak";"";"Tidak";"";"mengobservasi ttv 
mengkaji skala nyeri 
memberi posisi yang nyaman 
menganjurkan minum hangat
menganjurkan makan sedikit tapi sering 
menganjurkan makan selagi hangat 
mengkolab dengan tim medis 
"
"2025/04/08/000137";"113840";"ALVIANO DAFFA ELFAHREZA";"2022-08-24";"L";"2880037";"Sofia Fitriana";"2930140";"Sri Wahyuni, Amd.Kep";"D0000075";"dr. Asih Retno Wulandhari, Sp.A";"2025-04-08 21:42:32.0";"Non Trauma";"Alloanamnesis, ";"Brankar";"IGD";"Demam sejak tadi malam, kejang 1x di rumah sekitar 15 menit, 
kejang kaku kelojotan keempat ekstremitas disertai mulut biru dan mata mendelik ke atas, setelah kejang anak terdiam, batuk pilek sejak kemarin, riw muntah 1x 3 hari lalu, makan/minum masih mau, tidak diar";"kejang demam usia 6 bulan ";"ytidalk ";" - ";"rtidak ";"tidak";"Lain-lain";"Tidak, ";"";"tidak ada ";"Tidak";"";"Tidak";"";"Tidak";"Tidak";"cm";"Baik";"456";"-";"124";"24";"38,6";"9 6";"10";"";"TAK, ";"TAK, ";"TAK";"TAK, ";"TAK";"Kuat";"Akral Hangat, ";"Teratur";"Tidak Ada";"Normal";"Vesikuler";"Tidak";"Normal";"Pernafasan Dada, ";"Teratur";"TAK, ";"TAK, ";"TAK, ";"TAK, ";"Supel, ";"TAK";"TAK";"TAK";"TAK, ";"Tidak";"TAK";"TAK";"Jelas, ";"Kuat";"Normal";"Normal";"Baik";"Tidak Ada";"Tidak Ada, ";"Bebas";"Baik";"Tidak Ada, ";"Tidak Ada, ";"1";"hr";"lwembek";"kuning";"7";"hr";"kuning";"";"Bantuan Orang Lain";"Bantuan Orang Lain";"Bantuan Orang Lain";"Bantuan Orang Lain";"Bantuan Orang Lain";"1";"3";"tim";"10";"Tidak Ada Gangguan";"Mandiri";"TAK, ";"Tirah Baring";"Walker";"TAK, ";"TAK, ";"Tidak Ada Kesulitan, ";"Tidak Ada Kesulitan, ";"Tidak (Tidak Perlu Co DPJP)";"Tidak Ada Masalah";"Tidak Ada Masalah, ";"Tidak";"Harmonis";"ISLAM";"Sendiri, ";"BLM BEKERJA";"UMUM";"Tidak Ada, ";"INDONESIA";"-";"-";"Pasien, ";"Tidak Ada Nyeri";"Proses Penyakit, ";"Seperti Tertusuk, ";"";"Tidak";"0";"";"Istirahat, ";"Tidak, ";"Tidak";"0";"Tidak";"0";"Tidak Ada/Kursi Roda/Perawat/Tirah Baring";"0";"Tidak";"0";"Normal/Tirah Baring/Imobilisasi";"0";"Sadar Akan Kemampuan Diri Sendiri";"0";"0";"Tidak";"0";"Tidak";"0";"Tidak";"0";"Tidak";"0";"Tidak";"0";"Tidak";"0";"Tidak";"0";"Tidak";"0";"Tidak";"0";"Tidak";"0";"Tidak";"0";"0";"Tidak ada penurunan berat badan";"0";"Tidak";"0";"0";"Tidak";"";"Tidak";"";"obs ttv
obs tanda tanda kejang
anjurkan kompres
anjurkan banyak minum
kolaborasi medis 

"
"2025/04/08/000138";"130689";"DELVINO RAFKA PUTRA HERMAWAN";"2021-10-07";"L";"02.94.0178";"Sahrul Aini, S.Kep.Ners";"2900151";"Arryda Nurmeila Mafikasari, S.Kep.Ners";"01.91.0066";"dr. Wigit Kristianto, Sp.A";"2025-04-08 22:03:24.0";"Non Trauma";"Autoanamnesis, ";"Jalan Tanpa Bantuan";"IGD";"OB JAM 21.50
Demam hari ke 4, diare sering sejak 4 hari lalu, BAB cair ada ampas sedikit, tidak ada lendir/darah, pilek, tidak batuk, tidak sesak rpd : - Riwayat Alergi : Sporetik rpo : Liprolac, sanmol, tremenza, curcuma,";"-";"-";"-";"-";"-";"Kacamata";"Tidak, -";"-";"-";"Tidak";"";"Tidak";"";"Tidak";"Tidak";"cm";"Baik";"456";"-";"120";"22";"36";"98";"-";"-";"TAK, ";"TAK, ";"TAK";"TAK, ";"TAK";"Kuat";"Akral Hangat, ";"Teratur";"Tidak Ada";"Normal";"Vesikuler";"Tidak";"Normal";"Pernafasan Dada, ";"Teratur";"TAK, ";"TAK, ";"TAK, ";"TAK, ";"Supel, ";"TAK";"TAK";"TAK";"TAK, ";"Tidak";"TAK";"TAK";"Jelas, ";"Kuat";"Normal";"Normal";"Baik";"Tidak Ada";"Tidak Ada, ";"Bebas";"Baik";"Tidak Ada, ";"Tidak Ada, ";"";"";"";"";"";"";"";"";"Mandiri";"Mandiri";"Mandiri";"Mandiri";"Mandiri";"";"";"";"";"Tidak Ada Gangguan";"Mandiri";"TAK, ";"Tirah Baring";"Walker";"TAK, ";"TAK, ";"Tidak Ada Kesulitan, ";"Tidak Ada Kesulitan, ";"Tidak (Tidak Perlu Co DPJP)";"Tidak Ada Masalah";"Tidak Ada Masalah, ";"Tidak";"Harmonis";"ISLAM";"Sendiri, ";"-";"BPJS";"Tidak Ada, ";"JAWA";"TS";"-";"Pasien, ";"Tidak Ada Nyeri";"Proses Penyakit, ";"Seperti Tertusuk, ";"";"Tidak";"0";"";"Istirahat, ";"Tidak, ";"Tidak";"0";"Tidak";"0";"Tidak Ada/Kursi Roda/Perawat/Tirah Baring";"0";"Tidak";"0";"Normal/Tirah Baring/Imobilisasi";"0";"Sadar Akan Kemampuan Diri Sendiri";"0";"0";"Tidak";"0";"Tidak";"0";"Tidak";"0";"Tidak";"0";"Tidak";"0";"Tidak";"0";"Tidak";"0";"Tidak";"0";"Tidak";"0";"Tidak";"0";"Tidak";"0";"0";"Tidak ada penurunan berat badan";"0";"Tidak";"0";"0";"Tidak";"";"Tidak";"";"- Observasi vital sign
- dentifikasi tanda- tanda hipovolemi
-
"
"2025/04/01/000003";"132079";"KHOLISIL HUSNIA FATATIK";"1989-08-17";"P";"02.92.0211";"Chairun Nisya, S.Tr.Keb";"02920206";"Ainul Luthfiatus Zahroh, S.Kep.Ners";"1940032";"dr. Rosyid Mawardi Sp.PD";"2026-04-20 10:44:02.0";"Trauma";"Autoanamnesis, ";"Jalan Tanpa Bantuan";"Poli";"BAB cair >10x sejak kemarin, ada ampas sedikit, tidak ada lendir/darah, badan terasa nggreges sejak kemarin, tidak mual/muntah, tidak batuk/pilek, nyeri perut (+
RPD: -";"--";"-";"-";"";"";"Kacamata";"Tidak, ";"";"";"Tidak";"";"Tidak";"";"Tidak";"Tidak";"";"Baik";"";"";"";"";"";"";"";"";"TAK, ";"TAK, ";"TAK";"TAK, ";"TAK";"Kuat";"Akral Hangat, ";"Teratur";"Tidak Ada";"Normal";"Vesikuler";"Tidak";"Normal";"Pernafasan Dada, ";"Teratur";"TAK, ";"TAK, ";"TAK, ";"TAK, ";"Supel, ";"TAK";"TAK";"TAK";"TAK, ";"Tidak";"TAK";"TAK";"Jelas, ";"Kuat";"Normal";"Normal";"Baik";"Tidak Ada";"Tidak Ada, ";"Bebas";"Baik";"Tidak Ada, ";"Tidak Ada, ";"";"";"";"";"";"";"";"";"Mandiri";"Mandiri";"Mandiri";"Mandiri";"Mandiri";"";"";"";"";"Tidak Ada Gangguan";"Mandiri";"TAK, ";"Tirah Baring";"Walker";"TAK, ";"TAK, ";"Tidak Ada Kesulitan, ";"Tidak Ada Kesulitan, ";"Tidak (Tidak Perlu Co DPJP)";"Tidak Ada Masalah";"Tidak Ada Masalah, ";"Tidak";"Harmonis";"ISLAM";"Sendiri, ";"IRT";"UMUM";"Tidak Ada, ";"-";"SMP";"-";"Pasien, ";"Tidak Ada Nyeri";"Proses Penyakit, ";"Seperti Tertusuk, ";"";"Tidak";"0";"";"Istirahat, ";"Tidak, ";"Tidak";"0";"Tidak";"0";"Tidak Ada/Kursi Roda/Perawat/Tirah Baring";"0";"Tidak";"0";"Normal/Tirah Baring/Imobilisasi";"0";"Sadar Akan Kemampuan Diri Sendiri";"0";"0";"Tidak";"0";"Tidak";"0";"Tidak";"0";"Tidak";"0";"Tidak";"0";"Tidak";"0";"Tidak";"0";"Tidak";"0";"Tidak";"0";"Tidak";"0";"Tidak";"0";"0";"Tidak ada penurunan berat badan";"0";"Tidak";"0";"0";"Tidak";"";"Tidak";"";""
"2025/04/01/000042";"132094";"MOCHAMMAD KHAFIF PRAYUDHA";"1999-09-08";"L";"02.92.0211";"Chairun Nisya, S.Tr.Keb";"02.97.0203";"Novita Tri Handayani, A.Md.Kep";"1940032";"dr. Rosyid Mawardi Sp.PD";"2026-04-20 10:44:02.0";"Non Trauma";"Autoanamnesis, ";"Kursi Roda";"IGD";"mual muntah 3x diare 8x nyeri perut lemes bintik2 kemerahan seluruh badan mulai tadi pagi
rpd -
rpo entrostop, imodium
";"";"";"";"";"";"Lain-lain";"Tidak, ";"";"";"Tidak";"";"Tidak";"";"Tidak";"Tidak";"cm";"Sedang";"456";"110/70";"80";"22";"36";"98";"";"";"TAK, ";"TAK, ";"TAK";"TAK, ";"TAK";"Kuat";"Akral Hangat, ";"Teratur";"Tidak Ada";"Normal";"Vesikuler";"Tidak";"Normal";"Pernafasan Dada, ";"Teratur";"TAK, ";"TAK, ";"TAK, ";"TAK, ";"Supel, ";"TAK";"TAK";"TAK";"TAK, ";"Tidak";"TAK";"TAK";"Jelas, ";"Kuat";"Normal";"Normal";"Baik";"Tidak Ada";"Tidak Ada, ";"Bebas";"Baik";"Tidak Ada, ";"Tidak Ada, ";"";"";"";"";"";"";"";"";"Mandiri";"Mandiri";"Mandiri";"Mandiri";"Mandiri";"";"";"";"";"Tidak Ada Gangguan";"Mandiri";"TAK, ";"Tirah Baring";"Walker";"TAK, ";"TAK, ";"Tidak Ada Kesulitan, ";"Tidak Ada Kesulitan, ";"Tidak (Tidak Perlu Co DPJP)";"Tidak Ada Masalah";"Tidak Ada Masalah, ";"Tidak";"Harmonis";"ISLAM";"Sendiri, ";"STAF TU";"BPJS";"Tidak Ada, ";"INDONESIA";"SLTA/SEDERAJAT";"-";"Pasien, ";"Nyeri Akut";"Proses Penyakit, ";"Seperti Tertusuk, ";"perut ";"Tidak";"3";"";"Istirahat, ";"Tidak, ";"Tidak";"0";"Tidak";"0";"Tidak Ada/Kursi Roda/Perawat/Tirah Baring";"0";"Ya";"20";"Normal/Tirah Baring/Imobilisasi";"0";"Sadar Akan Kemampuan Diri Sendiri";"0";"20";"Tidak";"0";"Tidak";"0";"Tidak";"0";"Tidak";"0";"Tidak";"0";"Tidak";"0";"Tidak";"0";"Tidak";"0";"Tidak";"0";"Tidak";"0";"Tidak";"0";"0";"Tidak ada penurunan berat badan";"0";"Tidak";"0";"0";"Tidak";"";"Tidak";"";""
"2025/04/06/000018";"132084";"MOCHAMAD LUKITO";"1961-03-08";"L";"02.92.0211";"Chairun Nisya, S.Tr.Keb";"02.94.0184";"Yiyin Khusni Fadlillah, S.Kep, Ners";"D0000025";"Donny Tillon, dr. ,Sp.AN";"2026-04-20 10:44:02.0";"Trauma";"Autoanamnesis, -";"Jalan Tanpa Bantuan";"Poli";"-";"-";"--";"-";"";"-";"Kacamata";"Tidak, -";"-";"-";"Tidak";"";"Tidak";"";"Tidak";"Tidak";"-";"Baik";"-";"-";"";"";"";"";"-";"-";"TAK, -";"TAK, -";"TAK";"TAK, -";"TAK";"Kuat";"Akral Hangat, -";"Teratur";"Tidak Ada";"Normal";"Vesikuler";"Tidak";"Normal";"Pernafasan Dada, ";"Teratur";"TAK, ";"TAK, ";"TAK, ";"TAK, ";"Supel, ";"TAK";"TAK";"TAK";"TAK, ";"Tidak";"TAK";"TAK";"Jelas, ";"Kuat";"Normal";"Normal";"Baik";"Tidak Ada";"Tidak Ada, ";"Bebas";"Baik";"Tidak Ada, ";"Tidak Ada, ";"";"";"";"";"";"";"";"";"Mandiri";"Mandiri";"Mandiri";"Mandiri";"Mandiri";"";"";"";"";"Tidak Ada Gangguan";"Mandiri";"TAK, ";"Tirah Baring";"Walker";"TAK, ";"TAK, ";"Tidak Ada Kesulitan, ";"Tidak Ada Kesulitan, ";"Tidak (Tidak Perlu Co DPJP)";"Tidak Ada Masalah";"Tidak Ada Masalah, ";"Tidak";"Harmonis";"ISLAM";"Sendiri, ";"WIRASWASTA";"UMUM";"Tidak Ada, ";"INDONESIA";"SMP";"-";"Pasien, ";"Tidak Ada Nyeri";"Proses Penyakit, ";"Seperti Tertusuk, ";"";"Tidak";"0";"";"Istirahat, ";"Tidak, ";"Tidak";"0";"Tidak";"0";"Tidak Ada/Kursi Roda/Perawat/Tirah Baring";"0";"Tidak";"0";"Normal/Tirah Baring/Imobilisasi";"0";"Sadar Akan Kemampuan Diri Sendiri";"0";"0";"Tidak";"0";"Tidak";"0";"Tidak";"0";"Tidak";"0";"Tidak";"0";"Tidak";"0";"Tidak";"0";"Tidak";"0";"Tidak";"0";"Tidak";"0";"Tidak";"0";"0";"Tidak ada penurunan berat badan";"0";"Tidak";"0";"0";"Tidak";"-";"Tidak";"56";""
"2025/04/07/000065";"132200";"AINIS MASRURROH";"2005-01-24";"P";"02.94.0178";"Sahrul Aini, S.Kep.Ners";"02.94.0178";"Sahrul Aini, S.Kep.Ners";"1790012";"dr. Ari Dwi Wianto";"2026-04-20 13:37:13.0";"Trauma";"Autoanamnesis, ";"Jalan Tanpa Bantuan";"Poli";"-";"-";"-";"-";"-";"-";"Kacamata";"Tidak, ";"-";"-";"Tidak";"";"Tidak";"";"Tidak";"Tidak";"-";"Baik";"-";"-";"-";"-";"-";"-";"-";"-";"TAK, -";"TAK, ";"TAK";"TAK, ";"TAK";"Kuat";"Akral Hangat, ";"Teratur";"Tidak Ada";"Normal";"Vesikuler";"Tidak";"Normal";"Pernafasan Dada, ";"Teratur";"TAK, ";"TAK, ";"TAK, ";"TAK, ";"Supel, ";"TAK";"TAK";"TAK";"TAK, ";"Tidak";"TAK";"TAK";"Jelas, ";"Kuat";"Normal";"Normal";"Baik";"Tidak Ada";"Tidak Ada, ";"Bebas";"Baik";"Tidak Ada, ";"Tidak Ada, ";"";"";"";"";"";"";"";"";"Mandiri";"Mandiri";"Mandiri";"Mandiri";"Mandiri";"";"";"";"";"Tidak Ada Gangguan";"Mandiri";"TAK, ";"Tirah Baring";"Walker";"TAK, ";"TAK, ";"Tidak Ada Kesulitan, ";"Tidak Ada Kesulitan, ";"Tidak (Tidak Perlu Co DPJP)";"Tidak Ada Masalah";"Tidak Ada Masalah, ";"Tidak";"Harmonis";"ISLAM";"Sendiri, ";"IRT";"BPJS";"Tidak Ada, ";"INDONESIA";"SMA";"-";"Pasien, ";"Tidak Ada Nyeri";"Proses Penyakit, ";"Seperti Tertusuk, ";"";"Tidak";"0";"";"Istirahat, ";"Tidak, ";"Tidak";"0";"Tidak";"0";"Tidak Ada/Kursi Roda/Perawat/Tirah Baring";"0";"Tidak";"0";"Normal/Tirah Baring/Imobilisasi";"0";"Sadar Akan Kemampuan Diri Sendiri";"0";"0";"Tidak";"0";"Tidak";"0";"Tidak";"0";"Tidak";"0";"Tidak";"0";"Tidak";"0";"Tidak";"0";"Tidak";"0";"Tidak";"0";"Tidak";"0";"Tidak";"0";"0";"Tidak ada penurunan berat badan";"0";"Tidak";"0";"0";"Tidak";"-";"Tidak";"";""
